"filename", "language", "XML", "Ini", "HTML", "UnityShader", "JSON", "C#", "Markdown", "comment", "blank", "total"
"h:\C#\Projects\5e_App\5e_App.slnx", "XML", 4, 0, 0, 0, 0, 0, 0, 0, 1, 5
"h:\C#\Projects\5e_App\Assets\FolderColor\Editor\CustomWindowFileImage.cs", "C#", 0, 0, 0, 0, 0, 55, 0, 0, 14, 69
"h:\C#\Projects\5e_App\Assets\FolderColor\Editor\ProjectAssetViewerCustomisation.cs", "C#", 0, 0, 0, 0, 0, 101, 0, 7, 22, 130
"h:\C#\Projects\5e_App\Assets\FolderColor\SaveSetUp\FolderModificationData.json", "JSON", 0, 0, 0, 0, 1, 0, 0, 0, 0, 1
"h:\C#\Projects\5e_App\Assets\Packages\MessagePack.3.1.4\MessagePack.nuspec", "XML", 56, 0, 0, 0, 0, 0, 0, 0, 0, 56
"h:\C#\Projects\5e_App\Assets\Packages\MessagePack.3.1.4\lib\netstandard2.1\MessagePack.xml", "XML", 5126, 0, 0, 0, 0, 0, 0, 0, 7, 5133
"h:\C#\Projects\5e_App\Assets\Packages\MessagePack.Annotations.3.1.4\MessagePack.Annotations.nuspec", "XML", 19, 0, 0, 0, 0, 0, 0, 0, 0, 19
"h:\C#\Projects\5e_App\Assets\Packages\MessagePack.Annotations.3.1.4\lib\netstandard2.0\MessagePack.Annotations.xml", "XML", 717, 0, 0, 0, 0, 0, 0, 0, 3, 720
"h:\C#\Projects\5e_App\Assets\Packages\MessagePackAnalyzer.3.1.4\MessagePackAnalyzer.nuspec", "XML", 17, 0, 0, 0, 0, 0, 0, 0, 0, 17
"h:\C#\Projects\5e_App\Assets\Packages\Microsoft.NET.StringTools.17.11.4\Microsoft.NET.StringTools.nuspec", "XML", 32, 0, 0, 0, 0, 0, 0, 0, 0, 32
"h:\C#\Projects\5e_App\Assets\Packages\Microsoft.NET.StringTools.17.11.4\README.md", "Markdown", 0, 0, 0, 0, 0, 0, 3, 0, 3, 6
"h:\C#\Projects\5e_App\Assets\Packages\Microsoft.NET.StringTools.17.11.4\lib\netstandard2.0\Microsoft.NET.StringTools.xml", "XML", 545, 0, 0, 0, 0, 0, 0, 0, 2, 547
"h:\C#\Projects\5e_App\Assets\Packages\System.Collections.Immutable.8.0.0\PACKAGE.md", "Markdown", 0, 0, 0, 0, 0, 0, 47, 5, 21, 73
"h:\C#\Projects\5e_App\Assets\Packages\System.Collections.Immutable.8.0.0\System.Collections.Immutable.nuspec", "XML", 34, 0, 0, 0, 0, 0, 0, 0, 1, 35
"h:\C#\Projects\5e_App\Assets\Packages\System.Collections.Immutable.8.0.0\buildTransitive\net461\System.Collections.Immutable.targets", "XML", 6, 0, 0, 0, 0, 0, 0, 0, 1, 7
"h:\C#\Projects\5e_App\Assets\Packages\System.Collections.Immutable.8.0.0\buildTransitive\netcoreapp2.0\System.Collections.Immutable.targets", "XML", 6, 0, 0, 0, 0, 0, 0, 0, 1, 7
"h:\C#\Projects\5e_App\Assets\Packages\System.Collections.Immutable.8.0.0\lib\netstandard2.0\System.Collections.Immutable.xml", "XML", 6049, 0, 0, 0, 0, 0, 0, 0, 51, 6100
"h:\C#\Projects\5e_App\Assets\Scripts\Characters\Ability.cs", "C#", 0, 0, 0, 0, 0, 18, 0, 2, 4, 24
"h:\C#\Projects\5e_App\Assets\Scripts\Characters\AbilitySave.cs", "C#", 0, 0, 0, 0, 0, 4, 0, 0, 3, 7
"h:\C#\Projects\5e_App\Assets\Scripts\Characters\Character.cs", "C#", 0, 0, 0, 0, 0, 18, 0, 3, 16, 37
"h:\C#\Projects\5e_App\Assets\Scripts\Characters\Hero.cs", "C#", 0, 0, 0, 0, 0, 38, 0, 0, 7, 45
"h:\C#\Projects\5e_App\Assets\Scripts\Characters\Skill.cs", "C#", 0, 0, 0, 0, 0, 12, 0, 0, 2, 14
"h:\C#\Projects\5e_App\Assets\Scripts\GoogleIntegrator\GoogleIntegrator.cs", "C#", 0, 0, 0, 0, 0, 374, 0, 143, 47, 564
"h:\C#\Projects\5e_App\Assets\Scripts\GoogleIntegrator\GoogleIntegratorController.cs", "C#", 0, 0, 0, 0, 0, 92, 0, 2, 16, 110
"h:\C#\Projects\5e_App\Assets\Scripts\GoogleIntegrator\GoogleSheetIntegrator.cs", "C#", 0, 0, 0, 0, 0, 183, 0, 54, 53, 290
"h:\C#\Projects\5e_App\Assets\Scripts\SaveLoad\TestSaveSystem.cs", "C#", 0, 0, 0, 0, 0, 36, 0, 0, 5, 41
"h:\C#\Projects\5e_App\Assets\Scripts\ScriptableObject\HeroClass.cs", "C#", 0, 0, 0, 0, 0, 6, 0, 0, 2, 8
"h:\C#\Projects\5e_App\Assets\Scripts\ScriptableObject\Race.cs", "C#", 0, 0, 0, 0, 0, 6, 0, 0, 2, 8
"h:\C#\Projects\5e_App\Assets\Scripts\TestHero.cs", "C#", 0, 0, 0, 0, 0, 13, 0, 0, 3, 16
"h:\C#\Projects\5e_App\Assets\Scripts\UI\AbilityWindow_UI.cs", "C#", 0, 0, 0, 0, 0, 37, 0, 0, 9, 46
"h:\C#\Projects\5e_App\Assets\Scripts\UI\Basic_UI.cs", "C#", 0, 0, 0, 0, 0, 93, 0, 2, 10, 105
"h:\C#\Projects\5e_App\Assets\Scripts\UI\Hero_MainInfo_UI.cs", "C#", 0, 0, 0, 0, 0, 39, 0, 1, 5, 45
"h:\C#\Projects\5e_App\Assets\Scripts\UI\Saves_Skills_UI.cs", "C#", 0, 0, 0, 0, 0, 14, 0, 0, 5, 19
"h:\C#\Projects\5e_App\Assets\Scripts\UI\Test_UI.cs", "C#", 0, 0, 0, 0, 0, 19, 0, 2, 5, 26
"h:\C#\Projects\5e_App\Assets\Scripts\UI\UI.cs", "C#", 0, 0, 0, 0, 0, 61, 0, 35, 10, 106
"h:\C#\Projects\5e_App\Assets\Scripts\UI\UI_Controller.cs", "C#", 0, 0, 0, 0, 0, 13, 0, 0, 9, 22
"h:\C#\Projects\5e_App\Assets\Scripts\misc\Enums.cs", "C#", 0, 0, 0, 0, 0, 2, 0, 0, 2, 4
"h:\C#\Projects\5e_App\Assets\Scripts\misc\Singleton.cs", "C#", 0, 0, 0, 0, 0, 17, 0, 0, 2, 19
"h:\C#\Projects\5e_App\Assets\TextMesh Pro\Shaders\SDFFunctions.hlsl", "UnityShader", 0, 0, 0, 130, 0, 0, 0, 18, 31, 179
"h:\C#\Projects\5e_App\Assets\TextMesh Pro\Shaders\TMP_Bitmap-Custom-Atlas.shader", "UnityShader", 0, 0, 0, 113, 0, 0, 0, 2, 31, 146
"h:\C#\Projects\5e_App\Assets\TextMesh Pro\Shaders\TMP_Bitmap-Mobile.shader", "UnityShader", 0, 0, 0, 123, 0, 0, 0, 3, 30, 156
"h:\C#\Projects\5e_App\Assets\TextMesh Pro\Shaders\TMP_Bitmap.shader", "UnityShader", 0, 0, 0, 113, 0, 0, 0, 2, 31, 146
"h:\C#\Projects\5e_App\Assets\TextMesh Pro\Shaders\TMP_SDF Overlay.shader", "UnityShader", 0, 0, 0, 253, 0, 0, 0, 4, 70, 327
"h:\C#\Projects\5e_App\Assets\TextMesh Pro\Shaders\TMP_SDF SSD.shader", "UnityShader", 0, 0, 0, 253, 0, 0, 0, 4, 65, 322
"h:\C#\Projects\5e_App\Assets\TextMesh Pro\Shaders\TMP_SDF-Mobile Masking.shader", "UnityShader", 0, 0, 0, 198, 0, 0, 0, 10, 51, 259
"h:\C#\Projects\5e_App\Assets\TextMesh Pro\Shaders\TMP_SDF-Mobile Overlay.shader", "UnityShader", 0, 0, 0, 193, 0, 0, 0, 8, 52, 253
"h:\C#\Projects\5e_App\Assets\TextMesh Pro\Shaders\TMP_SDF-Mobile SSD.shader", "UnityShader", 0, 0, 0, 82, 0, 0, 0, 4, 21, 107
"h:\C#\Projects\5e_App\Assets\TextMesh Pro\Shaders\TMP_SDF-Mobile-2-Pass.shader", "UnityShader", 0, 0, 0, 290, 0, 0, 0, 15, 85, 390
"h:\C#\Projects\5e_App\Assets\TextMesh Pro\Shaders\TMP_SDF-Mobile.shader", "UnityShader", 0, 0, 0, 192, 0, 0, 0, 8, 51, 251
"h:\C#\Projects\5e_App\Assets\TextMesh Pro\Shaders\TMP_SDF-Surface-Mobile.shader", "UnityShader", 0, 0, 0, 104, 0, 0, 0, 8, 28, 140
"h:\C#\Projects\5e_App\Assets\TextMesh Pro\Shaders\TMP_SDF-Surface.shader", "UnityShader", 0, 0, 0, 123, 0, 0, 0, 4, 33, 160
"h:\C#\Projects\5e_App\Assets\TextMesh Pro\Shaders\TMP_SDF.shader", "UnityShader", 0, 0, 0, 253, 0, 0, 0, 4, 70, 327
"h:\C#\Projects\5e_App\Assets\TextMesh Pro\Shaders\TMP_Sprite.shader", "UnityShader", 0, 0, 0, 111, 0, 0, 0, 0, 21, 132
"h:\C#\Projects\5e_App\Assets\TextMesh Pro\Shaders\TMPro.cginc", "UnityShader", 0, 0, 0, 63, 0, 0, 0, 2, 20, 85
"h:\C#\Projects\5e_App\Assets\TextMesh Pro\Shaders\TMPro_Mobile.cginc", "UnityShader", 0, 0, 0, 129, 0, 0, 0, 2, 35, 166
"h:\C#\Projects\5e_App\Assets\TextMesh Pro\Shaders\TMPro_Properties.cginc", "UnityShader", 0, 0, 0, 62, 0, 0, 0, 6, 13, 81
"h:\C#\Projects\5e_App\Assets\TextMesh Pro\Shaders\TMPro_Surface.cginc", "UnityShader", 0, 0, 0, 75, 0, 0, 0, 7, 18, 100
"h:\C#\Projects\5e_App\Assets\TextMesh Pro\Sprites\EmojiOne.json", "JSON", 0, 0, 0, 0, 155, 0, 0, 0, 2, 157
"h:\C#\Projects\5e_App\Packages\manifest.json", "JSON", 0, 0, 0, 0, 60, 0, 0, 0, 1, 61
"h:\C#\Projects\5e_App\Packages\packages-lock.json", "JSON", 0, 0, 0, 0, 590, 0, 0, 0, 1, 591
"h:\C#\Projects\5e_App\WindowsBuild\5e_App_Data\RuntimeInitializeOnLoads.json", "JSON", 0, 0, 0, 0, 1, 0, 0, 0, 1, 2
"h:\C#\Projects\5e_App\WindowsBuild\5e_App_Data\ScriptingAssemblies.json", "JSON", 0, 0, 0, 0, 1, 0, 0, 0, 0, 1
"h:\C#\Projects\5e_App\WindowsBuild\MonoBleedingEdge\etc\mono\2.0\DefaultWsdlHelpGenerator.aspx", "HTML", 0, 0, 1594, 0, 0, 0, 0, 28, 280, 1902
"h:\C#\Projects\5e_App\WindowsBuild\MonoBleedingEdge\etc\mono\4.0\DefaultWsdlHelpGenerator.aspx", "HTML", 0, 0, 1594, 0, 0, 0, 0, 28, 280, 1902
"h:\C#\Projects\5e_App\WindowsBuild\MonoBleedingEdge\etc\mono\4.5\DefaultWsdlHelpGenerator.aspx", "HTML", 0, 0, 1594, 0, 0, 0, 0, 28, 280, 1902
"h:\C#\Projects\5e_App\WindowsBuild\MonoBleedingEdge\etc\mono\browscap.ini", "Ini", 0, 13255, 0, 0, 0, 0, 0, 274, 3451, 16980
"h:\C#\Projects\5e_App\WindowsBuild\MonoBleedingEdge\etc\mono\mconfig\config.xml", "XML", 525, 0, 0, 0, 0, 0, 0, 30, 62, 617
"Total", "-", 13136, 13255, 4782, 2860, 808, 1251, 50, 755, 5458, 42355